{
  "canvas": {
    "version": "4.6.0",
    "objects": [
      {
        "type": "image",
        "version": "4.6.0",
        "originX": "center",
        "originY": "center",
        "left": 400,
        "top": 277,
        "width": 800,
        "height": 554,
        "fill": "#1565C0",
        "stroke": "#000",
        "strokeWidth": 0,
        "strokeDashArray": null,
        "strokeLineCap": "butt",
        "strokeDashOffset": 0,
        "strokeLineJoin": "miter",
        "strokeUniform": false,
        "strokeMiterLimit": 4,
        "scaleX": 1,
        "scaleY": 1,
        "angle": 0,
        "flipX": false,
        "flipY": false,
        "opacity": 1,
        "shadow": null,
        "visible": true,
        "backgroundColor": null,
        "fillRule": "nonzero",
        "paintFirst": "fill",
        "globalCompositeOperation": "source-over",
        "skewX": 0,
        "skewY": 0,
        "cropX": 0,
        "cropY": 0,
        "selectable": false,
        "evented": false,
        "lockMovementX": true,
        "lockMovementY": true,
        "lockRotation": true,
        "lockScalingX": true,
        "lockScalingY": true,
        "lockUniScaling": true,
        "hasControls": false,
        "hasBorders": false,
        "hasRotatingPoint": false,
        "name": "mainImage",
        "data": {"id": "TwzdteNKEi"},
        "src": "photalius/images/samples/sample3.jpg",
        "crossOrigin": "anonymous",
        "filters": []
      },
      {
        "type": "i-text",
        "version": "4.6.0",
        "originX": "center",
        "originY": "center",
        "left": 470.5,
        "top": 428,
        "width": 606.78,
        "height": 67.8,
        "fill": "rgb(255, 255, 255)",
        "strokeWidth": 0.05,
        "strokeDashArray": null,
        "strokeLineCap": "butt",
        "strokeDashOffset": 0,
        "strokeLineJoin": "miter",
        "strokeUniform": false,
        "strokeMiterLimit": 4,
        "scaleX": 0.77,
        "scaleY": 0.77,
        "angle": 0,
        "flipX": false,
        "flipY": false,
        "opacity": 1,
        "shadow": null,
        "visible": true,
        "backgroundColor": null,
        "fillRule": "nonzero",
        "paintFirst": "fill",
        "globalCompositeOperation": "source-over",
        "skewX": 0,
        "skewY": 0,
        "fontFamily": "Fuzzy Bubbles",
        "fontWeight": "normal",
        "fontSize": 60,
        "text": "Double click to edit",
        "underline": false,
        "overline": false,
        "linethrough": false,
        "textAlign": "initial",
        "fontStyle": "normal",
        "lineHeight": 1.16,
        "textBackgroundColor": "",
        "charSpacing": 0,
        "styles": {},
        "direction": "ltr",
        "path": null,
        "pathStartOffset": 0,
        "pathSide": "left",
        "selectable": true,
        "evented": true,
        "lockMovementX": false,
        "lockMovementY": false,
        "lockRotation": false,
        "lockScalingX": false,
        "lockScalingY": false,
        "hasControls": true,
        "hasBorders": true,
        "name": "text",
        "data": {"id": "g6eMkIB5IE"},
        "lockUniScaling": false
      },
      {
        "type": "group",
        "version": "4.6.0",
        "originX": "center",
        "originY": "center",
        "left": 173,
        "top": 173,
        "width": 51,
        "height": 51,
        "stroke": "#000",
        "strokeWidth": 0,
        "strokeDashArray": null,
        "strokeLineCap": "butt",
        "strokeDashOffset": 0,
        "strokeLineJoin": "miter",
        "strokeUniform": false,
        "strokeMiterLimit": 4,
        "scaleX": 2.94,
        "scaleY": 2.94,
        "angle": 0,
        "flipX": false,
        "flipY": false,
        "opacity": 1,
        "shadow": null,
        "visible": true,
        "backgroundColor": null,
        "fillRule": "nonzero",
        "paintFirst": "fill",
        "globalCompositeOperation": "source-over",
        "skewX": 0,
        "skewY": 0,
        "selectable": true,
        "evented": true,
        "lockMovementX": true,
        "lockMovementY": true,
        "lockRotation": false,
        "lockScalingX": false,
        "lockScalingY": false,
        "hasControls": true,
        "hasBorders": true,
        "name": "sticker",
        "data": {"id": "ETIPPvwXib"},
        "objects": [
          {
            "type": "path",
            "version": "4.6.0",
            "originX": "center",
            "originY": "center",
            "left": 0,
            "top": 1,
            "width": 42,
            "height": 41,
            "fill": "#48A0DC",
            "stroke": "#000",
            "strokeWidth": 0.05,
            "strokeDashArray": null,
            "strokeLineCap": "butt",
            "strokeDashOffset": 0,
            "strokeLineJoin": "miter",
            "strokeUniform": false,
            "strokeMiterLimit": 4,
            "scaleX": 1,
            "scaleY": 1,
            "angle": 0,
            "flipX": false,
            "flipY": false,
            "opacity": 1,
            "shadow": null,
            "visible": true,
            "backgroundColor": null,
            "fillRule": "nonzero",
            "paintFirst": "fill",
            "globalCompositeOperation": "source-over",
            "skewX": 0,
            "skewY": 0,
            "selectable": true,
            "evented": true,
            "lockMovementX": true,
            "lockMovementY": true,
            "lockRotation": false,
            "lockScalingX": false,
            "lockScalingY": false,
            "hasControls": true,
            "hasBorders": true,
            "path": [
              ["M", 42.5, 47],
              ["L", 8.5, 47],
              ["C", 6.3, 47, 4.5, 45.2, 4.5, 43],
              ["L", 4.5, 10],
              ["C", 4.5, 7.8, 6.3, 6, 8.5, 6],
              ["L", 42.5, 6],
              ["C", 44.7, 6, 46.5, 7.8, 46.5, 10],
              ["L", 46.5, 43],
              ["C", 46.5, 45.2, 44.7, 47, 42.5, 47],
              ["z"]
            ]
          },
          {
            "type": "circle",
            "version": "4.6.0",
            "originX": "center",
            "originY": "center",
            "left": -10,
            "top": -1.5,
            "width": 12,
            "height": 12,
            "fill": "#FFFFFF",
            "stroke": "#000",
            "strokeWidth": 0.05,
            "strokeDashArray": null,
            "strokeLineCap": "butt",
            "strokeDashOffset": 0,
            "strokeLineJoin": "miter",
            "strokeUniform": false,
            "strokeMiterLimit": 4,
            "scaleX": 1,
            "scaleY": 1,
            "angle": 0,
            "flipX": false,
            "flipY": false,
            "opacity": 1,
            "shadow": null,
            "visible": true,
            "backgroundColor": null,
            "fillRule": "nonzero",
            "paintFirst": "fill",
            "globalCompositeOperation": "source-over",
            "skewX": 0,
            "skewY": 0,
            "radius": 6,
            "startAngle": 0,
            "endAngle": 6.283185307179586,
            "selectable": true,
            "evented": true,
            "lockMovementX": true,
            "lockMovementY": true,
            "lockRotation": false,
            "lockScalingX": false,
            "lockScalingY": false,
            "hasControls": true,
            "hasBorders": true
          },
          {
            "type": "circle",
            "version": "4.6.0",
            "originX": "center",
            "originY": "center",
            "left": 10,
            "top": -1.5,
            "width": 12,
            "height": 12,
            "fill": "#FFFFFF",
            "stroke": "#000",
            "strokeWidth": 0.05,
            "strokeDashArray": null,
            "strokeLineCap": "butt",
            "strokeDashOffset": 0,
            "strokeLineJoin": "miter",
            "strokeUniform": false,
            "strokeMiterLimit": 4,
            "scaleX": 1,
            "scaleY": 1,
            "angle": 0,
            "flipX": false,
            "flipY": false,
            "opacity": 1,
            "shadow": null,
            "visible": true,
            "backgroundColor": null,
            "fillRule": "nonzero",
            "paintFirst": "fill",
            "globalCompositeOperation": "source-over",
            "skewX": 0,
            "skewY": 0,
            "radius": 6,
            "startAngle": 0,
            "endAngle": 6.283185307179586,
            "selectable": true,
            "evented": true,
            "lockMovementX": true,
            "lockMovementY": true,
            "lockRotation": false,
            "lockScalingX": false,
            "lockScalingY": false,
            "hasControls": true,
            "hasBorders": true
          },
          {
            "type": "path",
            "version": "4.6.0",
            "originX": "center",
            "originY": "center",
            "left": 0,
            "top": 23.5,
            "width": 26,
            "height": 4,
            "fill": "#007EB5",
            "stroke": "#000",
            "strokeWidth": 0.05,
            "strokeDashArray": null,
            "strokeLineCap": "butt",
            "strokeDashOffset": 0,
            "strokeLineJoin": "miter",
            "strokeUniform": false,
            "strokeMiterLimit": 4,
            "scaleX": 1,
            "scaleY": 1,
            "angle": 0,
            "flipX": false,
            "flipY": false,
            "opacity": 1,
            "shadow": null,
            "visible": true,
            "backgroundColor": null,
            "fillRule": "nonzero",
            "paintFirst": "fill",
            "globalCompositeOperation": "source-over",
            "skewX": 0,
            "skewY": 0,
            "selectable": true,
            "evented": true,
            "lockMovementX": true,
            "lockMovementY": true,
            "lockRotation": false,
            "lockScalingX": false,
            "lockScalingY": false,
            "hasControls": true,
            "hasBorders": true,
            "path": [
              ["M", 37.195, 51],
              ["L", 13.805, 51],
              ["C", 13.084, 51, 12.5, 50.416, 12.5, 49.695],
              ["L", 12.5, 47],
              ["L", 38.5, 47],
              ["L", 38.5, 49.695],
              ["C", 38.5, 50.416, 37.916, 51, 37.195, 51],
              ["z"]
            ]
          },
          {
            "type": "path",
            "version": "4.6.0",
            "originX": "center",
            "originY": "center",
            "left": 0,
            "top": -22.5,
            "width": 14,
            "height": 6,
            "fill": "#007EB5",
            "stroke": "#000",
            "strokeWidth": 0.05,
            "strokeDashArray": null,
            "strokeLineCap": "butt",
            "strokeDashOffset": 0,
            "strokeLineJoin": "miter",
            "strokeUniform": false,
            "strokeMiterLimit": 4,
            "scaleX": 1,
            "scaleY": 1,
            "angle": 0,
            "flipX": false,
            "flipY": false,
            "opacity": 1,
            "shadow": null,
            "visible": true,
            "backgroundColor": null,
            "fillRule": "nonzero",
            "paintFirst": "fill",
            "globalCompositeOperation": "source-over",
            "skewX": 0,
            "skewY": 0,
            "selectable": true,
            "evented": true,
            "lockMovementX": true,
            "lockMovementY": true,
            "lockRotation": false,
            "lockScalingX": false,
            "lockScalingY": false,
            "hasControls": true,
            "hasBorders": true,
            "path": [
              ["M", 19.805, 0],
              ["L", 31.194, 0],
              ["C", 31.916, 0, 32.5, 0.584, 32.5, 1.305],
              ["L", 32.5, 6],
              ["L", 18.5, 6],
              ["L", 18.5, 1.305],
              ["C", 18.5, 0.584, 19.084, 0, 19.805, 0],
              ["z"]
            ]
          },
          {
            "type": "path",
            "version": "4.6.0",
            "originX": "center",
            "originY": "center",
            "left": 0,
            "top": 13.5,
            "width": 16,
            "height": 2,
            "fill": "#556080",
            "stroke": "#000",
            "strokeWidth": 0.05,
            "strokeDashArray": null,
            "strokeLineCap": "butt",
            "strokeDashOffset": 0,
            "strokeLineJoin": "miter",
            "strokeUniform": false,
            "strokeMiterLimit": 4,
            "scaleX": 1,
            "scaleY": 1,
            "angle": 0,
            "flipX": false,
            "flipY": false,
            "opacity": 1,
            "shadow": null,
            "visible": true,
            "backgroundColor": null,
            "fillRule": "nonzero",
            "paintFirst": "fill",
            "globalCompositeOperation": "source-over",
            "skewX": 0,
            "skewY": 0,
            "selectable": true,
            "evented": true,
            "lockMovementX": true,
            "lockMovementY": true,
            "lockRotation": false,
            "lockScalingX": false,
            "lockScalingY": false,
            "hasControls": true,
            "hasBorders": true,
            "path": [
              ["M", 32.5, 40],
              ["L", 18.5, 40],
              ["C", 17.948, 40, 17.5, 39.553, 17.5, 39],
              ["C", 17.5, 38.447, 17.948, 38, 18.5, 38],
              ["L", 32.5, 38],
              ["C", 33.052, 38, 33.5, 38.447, 33.5, 39],
              ["C", 33.5, 39.553, 33.052, 40, 32.5, 40],
              ["z"]
            ]
          },
          {
            "type": "polygon",
            "version": "4.6.0",
            "originX": "center",
            "originY": "center",
            "left": 0,
            "top": -12.5,
            "width": 20,
            "height": 14,
            "fill": "#B0D3F0",
            "stroke": "#000",
            "strokeWidth": 0.05,
            "strokeDashArray": null,
            "strokeLineCap": "butt",
            "strokeDashOffset": 0,
            "strokeLineJoin": "miter",
            "strokeUniform": false,
            "strokeMiterLimit": 4,
            "scaleX": 1,
            "scaleY": 1,
            "angle": 0,
            "flipX": false,
            "flipY": false,
            "opacity": 1,
            "shadow": null,
            "visible": true,
            "backgroundColor": null,
            "fillRule": "nonzero",
            "paintFirst": "fill",
            "globalCompositeOperation": "source-over",
            "skewX": 0,
            "skewY": 0,
            "selectable": true,
            "evented": true,
            "lockMovementX": true,
            "lockMovementY": true,
            "lockRotation": false,
            "lockScalingX": false,
            "lockScalingY": false,
            "hasControls": true,
            "hasBorders": true,
            "points": [
              {"x": 29.5, "y": 10},
              {"x": 29.5, "y": 6},
              {"x": 21.5, "y": 6},
              {"x": 21.5, "y": 10},
              {"x": 15.5, "y": 10},
              {"x": 25.5, "y": 20},
              {"x": 35.5, "y": 10}
            ]
          },
          {
            "type": "circle",
            "version": "4.6.0",
            "originX": "center",
            "originY": "center",
            "left": -10,
            "top": -1.5,
            "width": 6,
            "height": 6,
            "fill": "#F29C1F",
            "stroke": "#000",
            "strokeWidth": 0.05,
            "strokeDashArray": null,
            "strokeLineCap": "butt",
            "strokeDashOffset": 0,
            "strokeLineJoin": "miter",
            "strokeUniform": false,
            "strokeMiterLimit": 4,
            "scaleX": 1,
            "scaleY": 1,
            "angle": 0,
            "flipX": false,
            "flipY": false,
            "opacity": 1,
            "shadow": null,
            "visible": true,
            "backgroundColor": null,
            "fillRule": "nonzero",
            "paintFirst": "fill",
            "globalCompositeOperation": "source-over",
            "skewX": 0,
            "skewY": 0,
            "radius": 3,
            "startAngle": 0,
            "endAngle": 6.283185307179586,
            "selectable": true,
            "evented": true,
            "lockMovementX": true,
            "lockMovementY": true,
            "lockRotation": false,
            "lockScalingX": false,
            "lockScalingY": false,
            "hasControls": true,
            "hasBorders": true
          },
          {
            "type": "circle",
            "version": "4.6.0",
            "originX": "center",
            "originY": "center",
            "left": 10,
            "top": -1.5,
            "width": 6,
            "height": 6,
            "fill": "#F29C1F",
            "stroke": "#000",
            "strokeWidth": 0.05,
            "strokeDashArray": null,
            "strokeLineCap": "butt",
            "strokeDashOffset": 0,
            "strokeLineJoin": "miter",
            "strokeUniform": false,
            "strokeMiterLimit": 4,
            "scaleX": 1,
            "scaleY": 1,
            "angle": 0,
            "flipX": false,
            "flipY": false,
            "opacity": 1,
            "shadow": null,
            "visible": true,
            "backgroundColor": null,
            "fillRule": "nonzero",
            "paintFirst": "fill",
            "globalCompositeOperation": "source-over",
            "skewX": 0,
            "skewY": 0,
            "radius": 3,
            "startAngle": 0,
            "endAngle": 6.283185307179586,
            "selectable": true,
            "evented": true,
            "lockMovementX": true,
            "lockMovementY": true,
            "lockRotation": false,
            "lockScalingX": false,
            "lockScalingY": false,
            "hasControls": true,
            "hasBorders": true
          }
        ]
      },
      {
        "type": "path",
        "version": "4.6.0",
        "originX": "center",
        "originY": "center",
        "left": 495.5,
        "top": 224.5,
        "width": 289,
        "height": 231,
        "fill": null,
        "stroke": "#1565C0",
        "strokeWidth": 8,
        "strokeDashArray": null,
        "strokeLineCap": "round",
        "strokeDashOffset": 0,
        "strokeLineJoin": "round",
        "strokeUniform": false,
        "strokeMiterLimit": 10,
        "scaleX": 1,
        "scaleY": 1,
        "angle": 0,
        "flipX": false,
        "flipY": false,
        "opacity": 1,
        "shadow": null,
        "visible": true,
        "backgroundColor": null,
        "fillRule": "nonzero",
        "paintFirst": "fill",
        "globalCompositeOperation": "source-over",
        "skewX": 0,
        "skewY": 0,
        "selectable": false,
        "evented": false,
        "lockMovementX": true,
        "lockMovementY": true,
        "lockRotation": true,
        "lockScalingX": true,
        "lockScalingY": true,
        "lockUniScaling": true,
        "hasControls": false,
        "hasBorders": false,
        "hasRotatingPoint": false,
        "name": "drawing",
        "data": {"id": "JJOQtnAZFw"},
        "path": [
          ["M", 394.992, 110],
          ["Q", 395, 110, 395.5, 110],
          ["Q", 396, 110, 396.5, 110],
          ["Q", 397, 110, 397.5, 110],
          ["Q", 398, 110, 398.5, 110],
          ["Q", 399, 110, 400.5, 110],
          ["Q", 402, 110, 404, 109.5],
          ["Q", 406, 109, 408.5, 109],
          ["Q", 411, 109, 414.5, 109],
          ["Q", 418, 109, 422, 109],
          ["Q", 426, 109, 430, 109],
          ["Q", 434, 109, 440, 109],
          ["Q", 446, 109, 452.5, 109.5],
          ["Q", 459, 110, 465, 111],
          ["Q", 471, 112, 478.5, 112.5],
          ["Q", 486, 113, 493, 114],
          ["Q", 500, 115, 507.5, 116],
          ["Q", 515, 117, 521.5, 117.5],
          ["Q", 528, 118, 535, 119.5],
          ["Q", 542, 121, 548, 122],
          ["Q", 554, 123, 560, 124],
          ["Q", 566, 125, 571, 126],
          ["Q", 576, 127, 581.5, 128.5],
          ["Q", 587, 130, 591.5, 131.5],
          ["Q", 596, 133, 599.5, 134],
          ["Q", 603, 135, 606.5, 136.5],
          ["Q", 610, 138, 612.5, 139],
          ["Q", 615, 140, 618, 141.5],
          ["Q", 621, 143, 623, 144.5],
          ["Q", 625, 146, 626.5, 147.5],
          ["Q", 628, 149, 629.5, 150],
          ["Q", 631, 151, 632, 152.5],
          ["Q", 633, 154, 634, 154.5],
          ["Q", 635, 155, 635.5, 156.5],
          ["Q", 636, 158, 637, 159],
          ["Q", 638, 160, 638.5, 161],
          ["Q", 639, 162, 639, 163],
          ["Q", 639, 164, 639.5, 165],
          ["Q", 640, 166, 640, 166.5],
          ["Q", 640, 167, 640, 168.5],
          ["Q", 640, 170, 640, 171],
          ["Q", 640, 172, 640, 173],
          ["Q", 640, 174, 639.5, 175],
          ["Q", 639, 176, 638, 177],
          ["Q", 637, 178, 636, 179],
          ["Q", 635, 180, 633.5, 181],
          ["Q", 632, 182, 630.5, 183.5],
          ["Q", 629, 185, 626.5, 186],
          ["Q", 624, 187, 621, 188],
          ["Q", 618, 189, 614.5, 190],
          ["Q", 611, 191, 607.5, 192],
          ["Q", 604, 193, 600, 194],
          ["Q", 596, 195, 592, 195.5],
          ["Q", 588, 196, 583, 196.5],
          ["Q", 578, 197, 572.5, 197],
          ["Q", 567, 197, 561, 197],
          ["Q", 555, 197, 549, 197],
          ["Q", 543, 197, 537, 197],
          ["Q", 531, 197, 525.5, 197],
          ["Q", 520, 197, 514, 197],
          ["Q", 508, 197, 502, 196.5],
          ["Q", 496, 196, 489.5, 195.5],
          ["Q", 483, 195, 477.5, 194.5],
          ["Q", 472, 194, 466.5, 193],
          ["Q", 461, 192, 455, 191.5],
          ["Q", 449, 191, 445, 190.5],
          ["Q", 441, 190, 437, 190],
          ["Q", 433, 190, 429.5, 189.5],
          ["Q", 426, 189, 423.5, 189],
          ["Q", 421, 189, 419, 189],
          ["Q", 417, 189, 416, 189],
          ["Q", 415, 189, 414.5, 189],
          ["Q", 414, 189, 414, 189.5],
          ["Q", 414, 190, 414, 190.5],
          ["Q", 414, 191, 414.5, 192],
          ["Q", 415, 193, 417, 195],
          ["Q", 419, 197, 421, 198.5],
          ["Q", 423, 200, 426, 201.5],
          ["Q", 429, 203, 433.5, 205.5],
          ["Q", 438, 208, 442.5, 209.5],
          ["Q", 447, 211, 453, 213.5],
          ["Q", 459, 216, 466, 218.5],
          ["Q", 473, 221, 479.5, 223.5],
          ["Q", 486, 226, 493.5, 229],
          ["Q", 501, 232, 507.5, 234],
          ["Q", 514, 236, 521, 238.5],
          ["Q", 528, 241, 535, 243.5],
          ["Q", 542, 246, 549.5, 248.5],
          ["Q", 557, 251, 563, 254],
          ["Q", 569, 257, 575.5, 259.5],
          ["Q", 582, 262, 587, 264],
          ["Q", 592, 266, 596, 268],
          ["Q", 600, 270, 604.5, 272],
          ["Q", 609, 274, 612, 275.5],
          ["Q", 615, 277, 617.5, 279],
          ["Q", 620, 281, 622.5, 283],
          ["Q", 625, 285, 626, 286.5],
          ["Q", 627, 288, 627.5, 289],
          ["Q", 628, 290, 628.5, 291],
          ["Q", 629, 292, 629, 292.5],
          ["Q", 629, 293, 629, 294],
          ["Q", 629, 295, 629, 295.5],
          ["Q", 629, 296, 629, 296.5],
          ["Q", 629, 297, 628.5, 298.5],
          ["Q", 628, 300, 627, 301],
          ["Q", 626, 302, 625.5, 302.5],
          ["Q", 625, 303, 623.5, 304],
          ["Q", 622, 305, 620.5, 305.5],
          ["Q", 619, 306, 616, 307],
          ["Q", 613, 308, 610, 309],
          ["Q", 607, 310, 603, 311],
          ["Q", 599, 312, 594, 312.5],
          ["Q", 589, 313, 584, 313.5],
          ["Q", 579, 314, 573.5, 314.5],
          ["Q", 568, 315, 562, 315],
          ["Q", 556, 315, 549.5, 315],
          ["Q", 543, 315, 537.5, 315],
          ["Q", 532, 315, 525.5, 315],
          ["Q", 519, 315, 511.5, 315],
          ["Q", 504, 315, 498, 315],
          ["Q", 492, 315, 485.5, 314.5],
          ["Q", 479, 314, 472.5, 313.5],
          ["Q", 466, 313, 460.5, 312.5],
          ["Q", 455, 312, 449.5, 311],
          ["Q", 444, 310, 438.5, 309],
          ["Q", 433, 308, 428.5, 307],
          ["Q", 424, 306, 419, 304.5],
          ["Q", 414, 303, 410.5, 301.5],
          ["Q", 407, 300, 403, 298.5],
          ["Q", 399, 297, 395.5, 295.5],
          ["Q", 392, 294, 390, 293],
          ["Q", 388, 292, 387, 291.5],
          ["Q", 386, 291, 385.5, 290.5],
          ["Q", 385, 290, 385.5, 290],
          ["Q", 386, 290, 387.5, 290],
          ["Q", 389, 290, 391, 290],
          ["Q", 393, 290, 395.5, 290],
          ["Q", 398, 290, 401.5, 290],
          ["Q", 405, 290, 408.5, 290],
          ["Q", 412, 290, 416.5, 290],
          ["Q", 421, 290, 426, 290.5],
          ["Q", 431, 291, 436, 292],
          ["Q", 441, 293, 445.5, 294.5],
          ["Q", 450, 296, 454, 297],
          ["Q", 458, 298, 461, 299.5],
          ["Q", 464, 301, 467, 302.5],
          ["Q", 470, 304, 473, 306],
          ["Q", 476, 308, 478, 310],
          ["Q", 480, 312, 482.5, 315],
          ["Q", 485, 318, 486.5, 321],
          ["Q", 488, 324, 488.5, 325.5],
          ["Q", 489, 327, 489.5, 328.5],
          ["Q", 490, 330, 490, 331],
          ["Q", 490, 332, 490, 332.5],
          ["Q", 490, 333, 490, 334],
          ["Q", 490, 335, 489, 336],
          ["Q", 488, 337, 486.5, 337.5],
          ["Q", 485, 338, 483.5, 338.5],
          ["Q", 482, 339, 479.5, 339],
          ["Q", 477, 339, 474.5, 339],
          ["Q", 472, 339, 468, 339.5],
          ["Q", 464, 340, 460.5, 340],
          ["Q", 457, 340, 452, 340],
          ["Q", 447, 340, 442.5, 340],
          ["Q", 438, 340, 432.5, 339.5],
          ["Q", 427, 339, 422.5, 338],
          ["Q", 418, 337, 413, 336],
          ["Q", 408, 335, 403, 333.5],
          ["Q", 398, 332, 394.5, 331],
          ["Q", 391, 330, 388, 328.5],
          ["Q", 385, 327, 382, 325.5],
          ["Q", 379, 324, 376.5, 322.5],
          ["Q", 374, 321, 372.5, 319.5],
          ["Q", 371, 318, 369.5, 316],
          ["Q", 368, 314, 366.5, 312],
          ["Q", 365, 310, 364, 308],
          ["Q", 363, 306, 362, 304],
          ["Q", 361, 302, 360.5, 300],
          ["Q", 360, 298, 359, 295],
          ["Q", 358, 292, 357, 289.5],
          ["Q", 356, 287, 355.5, 284.5],
          ["Q", 355, 282, 354.5, 279.5],
          ["Q", 354, 277, 353.5, 274],
          ["Q", 353, 271, 352.5, 268.5],
          ["Q", 352, 266, 352, 263],
          ["Q", 352, 260, 351.5, 258],
          ["Q", 351, 256, 351, 254],
          ["Q", 351, 252, 351, 249.5],
          ["Q", 351, 247, 351, 245.5],
          ["Q", 351, 244, 351, 242.5],
          ["Q", 351, 241, 351, 239],
          ["Q", 351, 237, 351, 235],
          ["Q", 351, 233, 351, 232],
          ["Q", 351, 231, 351, 230],
          ["Q", 351, 229, 351, 227.5],
          ["Q", 351, 226, 351.5, 224],
          ["Q", 352, 222, 352, 221],
          ["Q", 352, 220, 352, 219],
          ["Q", 352, 218, 352.5, 217],
          ["Q", 353, 216, 353, 215],
          ["Q", 353, 214, 353, 213.5],
          ["Q", 353, 213, 353.5, 212.5],
          ["Q", 354, 212, 354, 211.5],
          ["Q", 354, 211, 354.5, 210.5],
          ["Q", 355, 210, 355, 209.5],
          ["Q", 355, 209, 355.5, 208.5],
          ["Q", 356, 208, 356.5, 207.5],
          ["Q", 357, 207, 357, 206],
          ["Q", 357, 205, 357.5, 204.5],
          ["Q", 358, 204, 358.5, 203.5],
          ["L", 359.008, 202.992]
        ]
      }
    ]
  },
  "editor": {
    "frame": {"name": "rainbow", "sizePercent": 15},
    "zoom": 1,
    "activeObjectId": null
  },
  "canvasWidth": 800,
  "canvasHeight": 554
}
